[
  {
    "S.N.": "1",
    "Name of Firm": "Nepal Education Foundation (Xavier Academy) Group",
    "Type": "School/ College",
    "Address": "Lazimpat, Kathmandu"
  },
  {
    "S.N.": "2",
    "Name of Firm": "AITM College Group",
    "Type": "School/ College",
    "Address": "Khumaltar, Lalitpur"
  },
  {
    "S.N.": "3",
    "Name of Firm": "Nepal Korea Friendship Municipality Hospital",
    "Type": "Hospital",
    "Address": "Madhyapur Thimi"
  },
  {
    "S.N.": "4",
    "Name of Firm": "Kathmandu Don Bosco",
    "Type": "School/ College",
    "Address": "Lazimpat, Kathmandu"
  },
  {
    "S.N.": "5",
    "Name of Firm": "Chelsea World School & College Pvt. Ltd Group",
    "Type": "School/ College",
    "Address": "Gokarneshwor 8"
  },
  {
    "S.N.": "6",
    "Name of Firm": "Mahendra Vidya Ashram Bhaktapur Pvt. Ltd",
    "Type": "School/ College",
    "Address": "Pithbarahisthan, Bhaktpaur"
  },
  {
    "S.N.": "7",
    "Name of Firm": "Decon Group",
    "Type": "TV Production and sales",
    "Address": "Gaththaghar, Madhyapur Thimi"
  },
  {
    "S.N.": "8",
    "Name of Firm": "Gehendra Dhimal Foundation",
    "Type": "NGO",
    "Address": "Mandikhatar, Kathmandu"
  },
  {
    "S.N.": "9",
    "Name of Firm": "Localtion Nepal",
    "Type": "Film Production Company",
    "Address": "Mandikhatar, Kathmandu"
  },
  {
    "S.N.": "10",
    "Name of Firm": "Best Monteshori Elementry School Pvt.Ltd.)",
    "Type": "School/ College",
    "Address": "Lazimpat, Kathmandu"
  },
  {
    "S.N.": "11",
    "Name of Firm": "WEBSOFT INTERNATIONAL PVT LTD.",
    "Type": "Software",
    "Address": "Ekantkuna,Lalitpur"
  },
  {
    "S.N.": "12",
    "Name of Firm": "Active English School Bhaktpur P. Ltd.",
    "Type": "School/ College",
    "Address": "Siddhikali Chowk, Thimi"
  },
  {
    "S.N.": "13",
    "Name of Firm": "A & N Ventures P. Ltd.",
    "Type": "Trading",
    "Address": "Maharaj Ganj"
  },
  {
    "S.N.": "14",
    "Name of Firm": "Bhimsen Center",
    "Type": "Hardware Paints Supply",
    "Address": "Madhyapur Thimi"
  },
  {
    "S.N.": "15",
    "Name of Firm": "Bajrashree",
    "Type": "Hardware Paints Supply",
    "Address": "Sinamangal, Kathmandu"
  },
  {
    "S.N.": "16",
    "Name of Firm": "Bode Advanced Academy Bhaktapur Pvt.Ltd.",
    "Type": "School/ College",
    "Address": "Madhyapur Thimi"
  },
  {
    "S.N.": "17",
    "Name of Firm": "purba pakhribas krishi kendra manch",
    "Type": "NGO",
    "Address": "Bagdol, Lalitrpu"
  },
  {
    "S.N.": "18",
    "Name of Firm": "DG Technologies P. Ltd.",
    "Type": "Software",
    "Address": "Dhobighat, Lalitpur"
  },
  {
    "S.N.": "19",
    "Name of Firm": "Jobsnepal Dot com",
    "Type": "Software",
    "Address": "Kupandol, Lalitupur"
  },
  {
    "S.N.": "20",
    "Name of Firm": "Leadership Academy Nepal",
    "Type": "Training",
    "Address": "Mandikhatar, Kathmandu"
  },
  {
    "S.N.": "21",
    "Name of Firm": "Krishna Enterprises",
    "Type": "Gas supply",
    "Address": "Millroad, Madhyapur Thimi"
  },
  {
    "S.N.": "22",
    "Name of Firm": "Mahalaxmi Khadya Suppliers",
    "Type": "Trading",
    "Address": "Bode, Madhyapur Thimi"
  },
  {
    "S.N.": "23",
    "Name of Firm": "Next Emerging Leaders Initiative for Sustainability Nepal",
    "Type": "NGO",
    "Address": "Prayas Nagar, Tokha"
  },
  {
    "S.N.": "24",
    "Name of Firm": "Nerica Group P. Ltd.",
    "Type": "Trading",
    "Address": "Prayas Nagar, Tokha"
  },
  {
    "S.N.": "25",
    "Name of Firm": "Old Bhaktapur Holidays Travels and Tours P. Ltd.",
    "Type": "Travels",
    "Address": "Madhyapur Thimi"
  },
  {
    "S.N.": "26",
    "Name of Firm": "Peace Point Boarding School",
    "Type": "School/ College",
    "Address": "Katyani Chowk, Kathmandu"
  },
  {
    "S.N.": "27",
    "Name of Firm": "R.H. Trade Center",
    "Type": "Trading- Auto Parts",
    "Address": "Khusibu, Kathmandu"
  },
  {
    "S.N.": "28",
    "Name of Firm": "Rajaneshwori Suppliers",
    "Type": "Trading- Foodstuff",
    "Address": "Madhyapur Thimi"
  },
  {
    "S.N.": "29",
    "Name of Firm": "Ram Metal Workshop",
    "Type": "Metal Works productions",
    "Address": "Dallu, Kathmandu"
  },
  {
    "S.N.": "30",
    "Name of Firm": "Seabird International Colleg",
    "Type": "School/ College",
    "Address": "Madhyapur Thimi"
  },
  {
    "S.N.": "31",
    "Name of Firm": "Shankhadar Memorial School",
    "Type": "School/ College",
    "Address": "Dakshin Barahi, Suryabinayak Municipality"
  },
  {
    "S.N.": "32",
    "Name of Firm": "Shankhadhar Marga",
    "Type": "NGO",
    "Address": "Madhyapur Thimi"
  },
  {
    "S.N.": "33",
    "Name of Firm": "Siddhikali Kshetra Samrakshan tatha bikash Samittee",
    "Type": "NGO",
    "Address": "Madhyapur Thimi"
  },
  {
    "S.N.": "34",
    "Name of Firm": "Smooth Cargo Movers",
    "Type": "Cargo-Export",
    "Address": "Narayan Chaur"
  },
  {
    "S.N.": "35",
    "Name of Firm": "Team Power Logistric P. Ltd.",
    "Type": "Cargo- Import/ Export",
    "Address": "Narayan Chaur"
  },
  {
    "S.N.": "36",
    "Name of Firm": "Thimi Money Transfer",
    "Type": "Money Transfer",
    "Address": "Madhyapur Thimi"
  },
  {
    "S.N.": "37",
    "Name of Firm": "TV Point Electronics",
    "Type": "Trading- Electronics",
    "Address": "Madhyapur Thimi"
  },
  {
    "S.N.": "38",
    "Name of Firm": "KANTIPUR INTERNATIONAL EDUCATIONAL CONSULTANCY LALITPUR PVT.LTD.",
    "Type": "Carrer Counciling",
    "Address": "Lagankhel Lalitpur"
  },
  {
    "S.N.": "39",
    "Name of Firm": "Nerica Group P. Ltd.",
    "Type": "Traing- Organic Food stuff",
    "Address": "Tokha, Kathmandu"
  }
]